{
  "project_info": {
    "project_number": "21096449650",
    "firebase_url": "https://queue-app-10b2f-default-rtdb.firebaseio.com",
    "project_id": "queue-app-10b2f",
    "storage_bucket": "queue-app-10b2f.appspot.com"
  },
  "client": [
    {
      "client_info": {
        "mobilesdk_app_id": "1:21096449650:android:07264914f57b18609d24eb",
        "android_client_info": {
          "package_name": "com.queue.myapp"
        }
      },
      "oauth_client": [
        {
          "client_id": "21096449650-gnb50u0g261olr3sfe3otdsircc2om6a.apps.googleusercontent.com",
          "client_type": 3
        }
      ],
      "api_key": [
        {
          "current_key": "AIzaSyA9SNeOi6RZxV4Z8t9x58mkNcV0Wz1eIhQ"
        }
      ],
      "services": {
        "appinvite_service": {
          "other_platform_oauth_client": [
            {
              "client_id": "21096449650-gnb50u0g261olr3sfe3otdsircc2om6a.apps.googleusercontent.com",
              "client_type": 3
            }
          ]
        }
      }
    }
  ],
  "configuration_version": "1"
}